id;nombre;nombre2;apellido1;apellido2
56213489;Alejandro;Aarón;Garcia;Hernandez
78901234;Carlos;Abel;Rodriguez;Alvarez
45678901;David;Adriano;Marti­nez;Ramos
12345678;Eduardo;Agustín;Lopez;Cabrera
90817263;Fernando;Alan;Gonzalez;Chavez
63728194;Gabriel;Alfredo;Perez;Vazquez
74829106;Hugo;Amador;Sanchez;Herrera
21038745;Iván;Aníbal;Ramarez;Paredes
98172634;Javier;Arturo;Torre;Lara
56473829;Jorge;Asier;Flores;Miranda
82736491;José;Benjamín;Rivera;Maldonado
23984756;Juan;Brais;Gomez;Guzman
61928374;Luis;Camilo;Dias;Ibarra
48271693;Manuel;Casimiro;Cruz;Zamora
37584910;Mario;Clemente;Morales;Fuentes
91028374;Martín;Cristóbal;Ortiz;Cordero
58492731;Mateo;Damián;Gutierrez;Coronado
26381947;Miguel;Domingo;Jimenez;Santana
74819026;Nicolás;Eliseo;Mendoza;Campos
39182745;Pablo;Elías;Castillo;Barrera
47283916;Pedro;Esteban;Vargas;Villalobos
83927154;Rafael;Ezequiel;Reyes;Robles
62738491;Raúl;Fabio;Moreno;Padilla
51482937;Ricardo;Faustino;Ramos;Cisneros
73928164;Roberto;Fidel;Romero;Gallegos
19283745;Rodrigo;Germán;Herrera;Espinoza
84739106;Rubén;Gregorio;Medina;Valenzuela
36472819;Samuel;Hermes;Aguilar;Beltrian
91027463;Santiago;Ismael;Rojas;Orozco
18273649;Sergio;Jacobo;Guerrero;Montes
27384910;Tomás;Julián;Cortes;Taillez
48571692;Víctor;Lázaro;Soto;Rosales
82937415;Álvaro;Leonardo;Cabrera;Reyna
63718294;Adrián;Leopoldo;Vega;Ledesma
49028173;Antonio;Lorenzo;Silva;Bustamante
15673829;Bruno;Lucio;Molina;Bermudez
82471693;Cristian;Marcos;Nandez;Montero
37918264;César;Matías;Paez;Villanueva
71028347;Daniel;Moisés;Salazar;Olivares
56473820;Diego;Nahuel;Delgado;Arriaga
94827316;Emilio;Néstor;Marquez;Ponce
28173649;Enrique;Octavio;Suarez;Quiroga
72639481;Francisco;Omar;Trujillo;Salinas
19384756;Guillermo;Orlando;Mejia;Meneses
87236491;Iker;Patricio;Valdez;Castañeda
51028374;Jaime;Raúl;Castro;Juarez
63829107;Joaquín;Salomón;Acosta;Salas
29481763;Oscar;Teodoro;Luna;Carvajal
37182940;Brais;Valentín;Escobar;Pizarro
48571923;Arturo;Wilfredo;Santiago;Araya
